filename,category,count
1-s2.0-S1553725024003829-main.pdf,Count,1
1-s2.0-S1553725024003829-main.pdf,Percentage,1
1-s2.0-S1553725024003829-main.pdf,Rate,2
11606_2015_Article_3489.pdf,Binary,2
11606_2015_Article_3489.pdf,Count,1
11606_2015_Article_3489.pdf,Percentage,1
AJSLP-30-503.pdf,Count,1
schuttner_2024_oi_240782_1721767288.98693.pdf,Count,2
schuttner_2024_oi_240782_1721767288.98693.pdf,Percentage,3
